skill_name,skill_id
成本控制,1
产品知识,2
审查意见答复,3
模拟电路,4
专利申请文件撰写,5
销售管理,6
TCP/IP,7
量具使用,8
Facebook广告投放,9
供应商开发,10
STL,11
档案整理,12
质量检验,13
KA渠道管理,14
网络编程,15
法律文件审核,16
保险专业知识,17
指标监控与分析,18
MyBatis,19
分析判断,20
自动化测试,21
大部件更换协助,22
试运行,23
测试环境搭建,24
钻展,25
招标文件编制,26
法律咨询,27
Excel,28
技术改造,29
Webpack,30
合同起草,31
人才库维护,32
渠道管理,33
数据录入,34
数据建模,35
故障分析,36
设计测试用例,37
口译,38
方言能力（粤语、潮汕话、客家话、闽南语）,39
市场营销,40
多线程,41
万用表,42
算法,43
项目管理,44
MySQL,45
销售,46
京东快车、京挑客、京东展位的投放和优化,47
故障消除,48
项目申报,49
功能测试,50
游戏产品知识,51
市场知识,52
用户研究,53
薪酬数据分析,54
考勤核对,55
团队合作精神,56
设计模式,57
竞争分析,58
Git,59
日语听说读写流利,60
客户服务,61
诉讼代理,62
文案撰写,63
文件起草,64
档案鉴定,65
可靠性测试,66
定检定维,67
物联网,68
服务器,69
连锁经营管理,70
售前技术支持,71
奖惩管理,72
短视频推广,73
统计,74
产品运营,75
理化检测,76
自动化测试工具,77
在线客服,78
专利分析,79
熟悉SQL语句,80
跨境电商平台精通,81
利润管理,82
审查诉讼材料,83
档案数字化加工,84
组织架构设计,85
Vite,86
课件制作,87
合同管理,88
Vue,89
数据可视化,90
档案管理系统维护,91
生物信息学,92
淘宝平台规则,93
劳动法律法规,94
海外市场推广,95
游戏陪玩,96
保全服务,97
FMEA,98
产品设计,99
亚马逊运营,100
法律风险评估,101
数据统计与分析,102
方法验证,103
ERP系统操作,104
CAD,105
MES实施或运维,106
招聘数据分析,107
站内外推广,108
招投标流程,109
人事信息管理,110
网络设备安装调试,111
英语翻译,112
熟悉sqlserver,113
销售计划制定,114
薪酬福利管理,115
数据整理,116
风机巡检,117
合规管理,118
编辑加工,119
合同审查,120
ArcGIS,121
CSS3,122
师资管理,123
销售团队管理,124
天猫平台规则,125
非诉业务,126
房产交易服务,127
舆情监控,128
标书制作,129
社群运营,130
人力资源数据分析,131
营销策划,132
人才寻访,133
网络营销,134
销售策略,135
招聘方案制定,136
用户调研,137
工程软件,138
网络推广,139
英语文书创作,140
百度推广,141
招投标,142
ES6,143
日语口语流利,144
Visio,145
会议组织,146
数据管理,147
劳动关系确认,148
电气系统检查,149
仲裁,150
C++,151
谈判能力,152
培训需求分析,153
Ajax,154
电话销售,155
SQL,156
招聘渠道管理,157
打字,158
培训体系建立,159
普通话标准,160
背景调查,161
市场拓展,162
敬语,163
企业管理优化流程,164
文献检索,165
驾驶,166
法语,167
招聘,168
员工关系管理,169
HTML5,170
Java,171
FBA物流,172
销售数据统计,173
员工入职离职管理,174
采购流程熟悉,175
平台政策熟悉,176
危化安全生产,177
营销推广,178
Spring Boot,179
客户开发,180
店铺促销活动、关联销售等的策划,181
签证申请,182
平面设计,183
市场调研,184
法律逻辑思维,185
数据分析能力,186
活动企划,187
QC七大手法,188
SPSS,189
搜索引擎优化,190
销售策略制定,191
市场开拓,192
档案分类整理,193
IATF16949,194
信息审核,195
CAD制图,196
需求分析,197
交易风险监控,198
库存周转,199
市场调研与分析,200
商务日语,201
案例分析,202
淘宝客,203
专利复审,204
QT,205
财务管理,206
内容敏感度,207
诉讼仲裁处理,208
办公软件操作,209
新产品开发计划拟定,210
培训计划制定,211
公众号运营,212
市场数据分析,213
采样,214
客户需求分析,215
机器学习,216
编制测试报告,217
Linux,218
课程开发,219
Amazon平台产品开发,220
材料学,221
经销商管理,222
数字电路,223
渠道销售策略,224
内容运营,225
标准操作规程编写,226
专利检索分析,227
风机运行性能优化,228
Robot Framework,229
京东平台规则,230
档案管理,231
数据测试,232
TypeScript,233
逻辑分析,234
分析测试数据,235
SPC,236
文书撰写能力,237
焊接,238
信息系统实施或运维管理,239
软硬件联合调试,240
日语精通,241
运营方案制定与优化,242
小红书运营,243
游戏推广,244
ERP维护,245
EXCEL表格,246
熟悉oracle,247
商务礼仪,248
客户关系维护,249
沟通协调,250
客户抗压能力,251
客户资源管理,252
呼叫中心管理,253
数据结构,254
性能测试,255
在线打字,256
广告投放方案制定,257
软件使用培训,258
档案数字化,259
微信公众号运营,260
超级推荐,261
电脑操作,262
设备管理,263
专利审查,264
定期巡检,265
PPT制作,266
AutoCAD,267
测试用例编写,268
中英文互译,269
合同审核,270
薪酬谈判,271
客户管理,272
政治嗅觉,273
缺陷管理,274
JS,275
线上客服,276
培训评估,277
硬件测试,278
数据透视表,279
产品信息维护和更新,280
房屋验交,281
抖音运营,282
日语,283
跟卖自建,284
团队管理,285
电话回访,286
内容质量评估,287
渠道开发策略,288
广告投放优化,289
办公系统软件操作,290
人力资源管理,291
ERP,292
客服运营管理,293
日语N2级以上,294
专利撰写,295
渠道拓展,296
数据分析,297
谈判技巧,298
绩效管理,299
在线咨询工具,300
战略规划,301
文件管理,302
市场信息收集,303
客户投诉处理,304
证据材料整理,305
培训,306
数据清洗,307
考勤管理,308
招投标法,309
流量引入,310
风险识别,311
法律研究,312
业务拓展,313
风险管理,314
现场安装督导,315
调查取证,316
数据库管理,317
专利无效,318
社保公积金办理,319
薪酬核算,320
法律检索,321
产品调优,322
英语听说读写,323
大数据分析,324
测试数据分析,325
专利检索,326
供应商管理,327
专利翻译,328
现场管理,329
推广成本管理,330
调解,331
金蝶,332
人员管理,333
数据库设计,334
游戏运营,335
自动化测试框架,336
客户回访,337
MSA,338
渠道开拓,339
动物实验,340
技术支持,341
网络搜索,342
人力资源战略规划,343
数据统计处理,344
Google广告投放,345
京东推广渠道和工具-快车、触点、京挑客等,346
市场推广,347
信息流广告投放,348
基因编辑,349
团队架构搭建,350
Oracle,351
商户管理,352
Tableau,353
专利申请,354
客户接待,355
社交媒体营销,356
机械设计,357
工伤赔偿,358
游戏陪练,359
汽车机械基础,360
法律英语,361
Photoshop,362
运行管理,363
电商运营,364
Office办公软件,365
调试,366
项目拓展,367
选题策划,368
Word,369
网络销售,370
客户关系管理,371
Spark,372
文字功底,373
排班管理,374
图像处理,375
市场洞察力,376
笔译,377
培训课程设计,378
专利诉讼,379
案源开拓,380
CRM系统,381
分子生物学,382
人事政策流程执行,383
Proofreading,384
社交媒体运营,385
产品规划,386
TS16949,387
SEO优化,388
C,389
ERP实施或运维,390
方法学研究,391
版本更新,392
SAS,393
面试安排,394
档案收集,395
诉讼,396
细胞生物学,397
设备调试,398
Office,399
法律文书写作,400
测试报告,401
售后服务,402
法律策略制定,403
爆款打造,404
财务知识,405
民商法,406
电商渠道运营,407
WMS实施或运维,408
数据分析工具使用,409
测试用例设计,410
课程研发,411
JavaScript,412
Python,413
文字编辑,414
内容审核,415
教学研究,416
阿里巴巴国际站运营,417
SQL数据库,418
翻译,419
英语,420
Microsoft Office操作,421
应收账款管理,422
微服务,423
品牌运营,424
JIRA,425
备品备件计划编制,426
信息比对,427
证据整理,428
法律知识,429
文件归档,430
CA电子投标平台系统,431
活动策划,432
客服流程,433
供应商资源整合,434
文案策划,435
示波器,436
售后服务流程,437
Go,438
稳定性测试,439
客服管理,440
数据标注,441
弱电技术,442
市场和产品定位分析,443
系统调试,444
简历筛选,445
故障处理,446
统计不良品数据,447
档案装订,448
报告撰写,449
渠道开发,450
工业互联网,451
接口测试,452
内容策划,453
订单处理,454
PPT,455
档案数字化技术,456
售后维护,457
微博运营,458
供应链管理,459
售中技术支持,460
法律文件起草,461
科研项目管理,462
产品开发,463
R,464
测试计划制定,465
招聘渠道拓展,466
用友,467
会计,468
日语N2及以上,469
网络知识,470
工伤认定,471
APQP,472
工伤鉴定,473
文字语言表达,474
用户运营,475
电商平台运营,476
Hive,477
Angular,478
运行策略优化,479
生物化学,480
京东广告平台操作,481
分析产品质量数据,482
数据化分析工具,483
交互设计,484
培训管理,485
库存管理,486
机械制造,487
政策解读,488
投诉处理,489
法律培训,490
关键词优化,491
人力资源知识,492
销售数据分析,493
成本核算,494
行业研究,495
活动策划与执行,496
招聘计划制定,497
新媒体运营,498
投放优化,499
8D,500
数据分析与统计,501
法律文书撰写,502
信息搜集,503
留学申请,504
客户维护,505
公文写作,506
登记产品信息管理,507
版本管理,508
中英文写作,509
市场分析,510
销售库存数据分析,511
Spring,512
广告优化,513
法律文书起草,514
HTML,515
房产信息维护,516
制度流程优化,517
CSS,518
庭审准备,519
电话外呼,520
品牌推广,521
海外市场开拓,522
深度学习,523
PH计,524
业务开拓,525
PPAP,526
MFC,527
竞争对手分析,528
熟练使用办公软件,529
文本制作,530
Redis,531
风控意识,532
Hadoop,533
ERP系统,534
专利咨询,535
检测设备操作,536
写作能力,537
Amazon平台运营,538
Axure,539
政策研究,540
Xmind,541
测试报告编写,542
亚马逊平台操作,543
专利挖掘与布局,544
软件测试,545
今日头条,546
政府采购法,547
招聘管理,548
广点通,549
MBO,550
审稿,551
办公网络维护,552
外贸流程,553
SEO,554
制定测试计划,555
地推,556
档案维护,557
设备维护,558
商务谈判,559
电子商务,560
尽职调查,561
办公软件,562
质量管理体系,563
数据分析和总结归纳,564
安防系统,565
法律文件审查,566
化学及仪器检验方法,567
流程优化,568
ISO9001,569
绩效考核,570
内容安全审查,571
产品线分析,572
视频剪辑,573
产品推广,574
英语能力,575
销售技巧,576
产品生命周期管理,577
检验和测试,578
代理商培训与考核,579
微信及网络使用,580
商务接待,581
质量管理工具,582
日语N1,583
广告投放,584
环境测试,585
电话沟通,586
金融分析,587
ROI优化,588
MES维护,589
Selenium,590
Excel函数,591
法律尽职调查,592
质量控制,593
原型设计,594
客户档案管理,595
培训体系搭建,596
会议纪要,597
绩效考核协助,598
MES软件二次开发,599
8D报告,600
数据录入与分析,601
数据挖掘,602
同声传译,603
社会保险管理,604
数据库,605
细胞培养,606
客户开发与维护,607
Project,608
公司法,609
合同法,610
直通车,611
安全测试,612
ETL工具,613
会开车,614
熟悉电脑键盘打字,615
执行力,616
SEM,617
PS,618
KPI,619
案例检索,620
员工辅导,621
自动化,622
C#,623
英文书写,624
办公软件使用,625
论坛推广,626
专利预警,627
销售提案,628
法律分析,629
融资租赁,630
促销活动策划,631
用户增长,632
竞品分析,633
React,634
人工智能,635
专利挖掘,636
劳动合同管理,637
独立办案,638
